activityId,athleteId,source,startTime,distanceKm,elapsedSec,movingSec,ascentM,avgHr,maxHr,hasTimeseries,polyline,rawJsonPath
15913800933,8c83ae21-a810-466d-a5c5-95ef9a470c8a,strava,2025-09-23T20:46:31Z,6.3037,3329,3009,504.0,164.9,195.0,True,qwvrGaigb@DSFIDANHPXv@`BTl@H^Xj@^bAThADHFBFCn@S^@TBf@EPg@Jk@JMLHVZZLJJ\b@f@Vn@HJNNJOg@S[GGo@_BQ]GGSg@KOMg@OcACa@EQAk@AKDQ?QBECoAD_@HW?[DMBOAn@CNK\AV@d@Cn@EXBh@Hj@`@hB?HCAD@BJAI?BEGGSKm@ZjAGMAQMg@Q{A?o@Da@Cy@B_@Eb@?d@Gf@Bf@?VVfAD\Pn@FJKIGs@Oq@QsA?MHa@?yABCSnBDbAJn@HXPt@BVBDCGBDEk@YmBCm@DgAAa@B[Ib@Bb@Il@Cp@T~ATx@PTKS?FAG@A@@[kAMiACw@Bc@H]?}@Gh@A^Kn@Dx@l@|C@DNH@AIE?EA@@FGEEGA_@YwBAs@B}@A]Fi@Q|@Gx@DjAN|@XdAPREA@C@DGK?IEk@G_@Og@Ks@Bk@D_@Ca@D]Ir@Mp@B`ALp@ZnARf@B@ISNPK_@Iw@[cB@k@J_BSrAA~@P|@ZrAHR?@@A@BMO@DEICe@Kg@McAAy@Do@Ea@@WBGGfAGTB\A`@ZdDPZOECE?DIKi@gC@[Aw@BQFqA@FA\Kv@Cf@Fx@Jv@ZnALPKKCIB@?BEEEM?WKq@Su@AS@_AHq@AOBc@?d@I`ABXA`@B`@Fp@NbAXb@E?MQ@EDHGMi@mC@qAFe@BaA@@Av@Gz@Ct@@THf@\vAXb@OKOUScASsA?e@DY@i@Jq@@DER?j@El@?n@Jr@Pp@Dd@R`@USa@oB?KEYAe@@UPgBOzA@t@h@fDLPCCEAQ[I]SkAGi@BSAMNkAAe@@]DQDGId@Cz@Gf@Al@B`@J`@J|@Ll@PT[W@CFPXXNv@NXNRTb@VV\z@?R[Se@Cw@WU_@y@e@IMKEIMMNCf@ERSXKBm@CI@OCa@JQHGCKUKc@OMGUg@eAGUQ_@sAqDIKG?IHCN,raw/strava/15913800933.json
15923504065,8c83ae21-a810-466d-a5c5-95ef9a470c8a,strava,2025-09-24T17:57:17Z,10.7626,4883,4057,61.0,135.7,151.0,True,csyrGcdfb@]BYA]F[Co@FWGc@Wu@QWSMQWQg@m@]Ym@qAgAmAUOW_@QMAGi@w@Sg@W]Oa@Oq@KQMUQOIOMIe@iBMa@S_@MQKYG]Ew@Kw@IWQK]?uAROIU[MeB?m@?KFG`@IEaACeBKE_BJIEI?a@JgAl@OLu@^]Vm@l@u@`Am@jAq@nB[hBM|A@~BHpBFn@p@jDf@fB^dAb@~@l@r@t@l@RH^Z`BfANPBJYn@g@~@eAxBCBG@KKEUDWC[O]W_@YUo@]oA_Aw@_A}@oA]y@YaAk@eGGiAM{@IKCIEu@FIBOB_CHaBR{BDw@NcA?]KEs@@a@YGG}BsBOQQM[WW[]o@mAmEWoASkCMaAASDSTY`@W`@QRSFKAQY_@CGLoA@_@Be@?BCMJk@ASEQGCu@?e@M[YY]]m@q@{AQs@W}AUeCGQSyAOaB@WLY?UCWMe@Ca@?sAJwC@y@Ca@GWKOIGYEk@?OWY{BO_BU}Ao@yF?_@FMPKh@QVOXWV]Ra@NeA@i@Ei@WcA]m@a@W]MAIR[HGTFz@?vAi@fC_BVUtAq@rMoKrA_Al@O^Ct@@|@JTHbAr@NVh@pAXjA\fAf@vBPb@xArFdA`Dt@rCh@fAvA~A~AtACCAACFIDC?NRH@dAt@pAfA\JV?b@Gf@Mn@[F?FDr@fC@J@TIRgAjASZ]t@[|@a@z@Wn@Qx@Av@HtD?p@FbBJfA?\ERSP[DgACe@FmBF_@AYBOFi@^a@PaAHMDILCLGh@GbA?j@Bb@X~DCXIPYPgCRm@Li@R[RADEt@GXONMBw@Iw@Qi@[}@o@WMSCw@JyDrAUB_@Oq@k@OCe@a@KWW_@SGMFELI`@Qh@FPChADTFNLLZ@l@MZB`AXhAl@`Bp@LPX~@Z`B?XG\i@vAUt@Kf@YlCKlBB~AAZ?PBJHHD@P@^GHJEPA`@@EUhBB?A??FId@G|@KrB?|BADID@t@DPHNHb@NbBTlDNdAV~@Tl@~@|AjAlANHNPv@f@NNTLz@`ADR?PGZLZHBDAdBiDTk@NWPMH?HBTPv@`A|@hCH^vAbET\d@l@Zn@\RlAEbAMV@d@Ih@C`@E~AEfAKdASp@I`ACTFx@DnAyBXUVKFFZLLJ,raw/strava/15923504065.json
15933419088,8c83ae21-a810-466d-a5c5-95ef9a470c8a,strava,2025-09-25T16:13:06Z,0.4617,109,109,0.0,140.5,164.0,True,,raw/strava/15933419088.json
15933419187,8c83ae21-a810-466d-a5c5-95ef9a470c8a,strava,2025-09-25T16:19:39Z,2.5450999999999997,5823,5101,0.0,123.9,173.0,True,,raw/strava/15933419187.json
15935642477,8c83ae21-a810-466d-a5c5-95ef9a470c8a,strava,2025-09-25T20:51:38Z,6.6805,2337,2337,28.0,141.4,149.0,True,ebwrG{bgb@Ui@aA_B{AqCK_@E[k@sAOk@YwAMkAQq@Qg@MWQUc@e@S[CUA]LeBB_ASGOAEEIAMJY\QHYh@Sj@WTe@dAOTKDY@WA]MOC_B_@iA{@m@Ui@YGQ@IBQTYBMSgBQkAe@yA_@qBYgAg@_A{@mC]oAO}@Oa@]gBg@}AKSE[Wo@OYUKU?ULEAYFKDOBYESI[GYCa@BQIS[Oo@i@qEIiAEKIAOHKHk@^a@]AIEIIAEE?SN_ADw@?w@CkBKmD@}FImEAqBDaBLwANsCJoAr@_E`@mALg@bAaCZcANw@T}@zAqDXcANsBNgAPu@Xu@No@JeDO{AQ}@E[CyAGe@Ou@e@kAWy@e@{@UUYQ[Uo@]aA_@]IS?GG?KLUr@c@`@Ol@@^WHBJRN?LH\d@HRdAnCRr@Zr@H^P`@|@jDRdANf@\rBZv@d@lB`@pAHLpAxDN^Rr@r@rBH\p@dB^jAXp@Nl@N^d@vAR`@D^NL\b@d@t@b@~@Rl@Xl@Tn@TbBB`@Cl@BdAFx@DlATjEd@~B?ZHJDR?JJ^BLFDDh@?LFb@Dj@Fb@@XMfA@ND`@BlALfA@f@FTKf@@\Fl@BnALTBLALBPAP@TANBTd@xBXx@Ap@V~@Vv@FZXfAt@~CPf@VlArArE~BzIX`Ab@fAPr@JVTlAl@lBp@lCb@tALbADx@Cr@@PJf@CR,raw/strava/15935642477.json
15948870654,8c83ae21-a810-466d-a5c5-95ef9a470c8a,strava,2025-09-27T07:41:12Z,4.952100000000001,1163,1000,21.0,125.4,146.0,True,_dwrG_}eb@Ol@i@xCUxBQp@[fBaAdFo@lEoBnKSvA{CdQkBtJiAbHeAfGm@zCmAdHi@lCwB~M{CdP_BvJcA`FEf@BXHXjB`C`@|@`BrCxCtFd@tAbDtK`D~KrBxGRz@FfAB`BB|JHv@AlC@nFMxDHhCM`@e@l@GPVt@jAbEb@tBVzA^rCl@zFN`AVjDPrG@z@TdFJrEBzB,raw/strava/15948870654.json
15949484867,8c83ae21-a810-466d-a5c5-95ef9a470c8a,strava,2025-09-27T08:41:30Z,8.9376,4260,4101,224.0,135.1,174.0,True,uixqG{lgb@Lc@Ho@?SMs@SY{@y@sAsByAmBm@cAUi@kAaBIQIWAM@a@JkAJ_@Mk@Bw@B]Lc@d@}@Vc@n@q@RGZ?f@Ep@e@PWP]`@_@~@Q@AjAGf@O^[X_@n@e@n@QTKnAYz@c@\KdA?lATXHlA`A\TlAXP?JCDIBOAe@CKa@Um@SUSM[E_@@SNk@\_@z@]dB}@f@M^?fB^`@Nl@Xf@^RFp@Nn@B`@Id@EXGnAChA[h@Sh@Mb@Ej@BbATb@BTA`@M`AcAt@_@HAn@Lz@KPApAWt@Ir@Jx@A\DN?RC\Mx@It@WXGpAEVFN?jAWXCT@^Il@Gf@?v@I\UPE~@a@Z]r@[HILWz@k@JGlA]RMv@q@NQNIRSf@q@XWhA{@JKRe@Ne@HMhAqCn@cD~@wCNkA`@uAFa@@YG[KKu@UYQeA][a@Mo@CsA?uAGkA?HD`@?LBXCj@BbBD`@HZRZRLr@Vf@Jf@VPRHd@Eb@_@dAKj@StA{@dCm@|Cq@hB]l@Qr@S`@KL}@j@ORYTSXKF?CYd@y@n@_@TQNoATONQDSN_@l@wAfA_Ah@G@i@R_@Ho@EcAH@C@AIGa@o@[a@KCCGMCUSw@c@UCUOi@QYSlAp@hATVJXX~@pA^b@EAWa@IIm@{@e@a@o@WYCSIe@UOOYKTLd@RTD\Pp@Lp@r@FDf@l@VVFRABMFI?MB_AFYJ_@F_ACy@BkA\SD[?a@Jc@?i@Gk@?o@GQF[BKByAPq@DKE]Bc@G[F]JIF]h@WX[PQDo@EeAUWA[@k@FeCr@sAFcBXO@a@Ec@Km@Yg@[i@W_Be@m@Eo@Fc@ZkCjAWXOd@Cn@Ff@FJX\~@\LLHT@LCNADOJc@?m@Om@_@}@{@_@S]G}@GYGk@@]Hu@`@qA\}@\GHi@ZY^URc@Va@HiAFu@RYRQb@eAr@OF{@Fi@\m@|@WVWh@I~AJt@I\MlA?v@HZR\x@dAjB|CdAtAz@|ATXZV\^LTJj@?VGr@IZSh@o@tC,raw/strava/15949484867.json
15960119070,8c83ae21-a810-466d-a5c5-95ef9a470c8a,strava,2025-09-28T07:48:18Z,4.9126,676,676,34.0,146.1,168.0,True,y_wrGwlfb@q@tDiAlHq@jDoBhLa@jB_@lCsCnP_BvIaCfNe@`CmAhHQt@qArHm@xDwAhHYnBmBpL{@|E_BpIwCtP?l@DLZ^VRpAbBZx@rErIt@bBbEpNxAxEtDvMDVDfHDhC?pDB`FAhCIvCBjBCvACVYn@?XnA~D\fBx@pFj@zEd@pELfBJxBVtK,raw/strava/15960119070.json
15960516710,8c83ae21-a810-466d-a5c5-95ef9a470c8a,strava,2025-09-28T08:45:14Z,4.2782,2541,2451,180.0,116.4,146.0,True,ejxqGqkgb@\aBBg@?OOm@OS{@w@_@g@gAoBkA{As@yAi@q@KSIGU[So@@m@LwAFUIi@DkA\iAZ_@Xe@d@g@PIb@?\CPIr@m@b@u@POXIfAO\A^Ef@URQ\c@j@c@~@Y`@Av@Sz@c@XIlAD|@LRJ^Tb@b@t@d@`AXT?JCJILWBWAKGM[W{@[SSKWE[?]DYP]p@e@hBu@\Q\KJ?b@BZJ~@PPFxBfARFl@JT@hAO`BGjAWTITOjASZ?d@Fh@Nb@Fn@GRIXSPYNOXMNOTGH?`@Fn@IT@`@Gh@EnASf@DPAn@Bh@Hr@Oj@Cx@WPIXGVBDCr@?XDl@Oh@GNGX@ZAVGX?\GN@p@K\Yj@SVKZId@]^QHIP[XUr@_@\G`@MnAy@dAgAR]XYd@]VYRMT[N_@BQ`@w@J[r@cBx@cEP]Tq@ZeBd@_BBc@Gc@SSm@S[Q,raw/strava/15960516710.json
15961811819,8c83ae21-a810-466d-a5c5-95ef9a470c8a,strava,2025-09-28T10:40:41Z,1.971,2858,2785,983.0,185.8,194.0,True,_ouqGwnlb@B]Le@FYFo@?e@D[HSD]?QFa@DqCFYAYBG?[DI?OBGHk@CoABUCq@BK?o@DICCDY?]@OAYF]AE?OR}AEg@Ba@BKBk@FQCg@E]EOBMD?@C@QHYAsABCB]ASDGK[DM?IAe@AEDI?MFSAIBCFAAKFGACBKFG@GEUDU?YBG?]B_@BEAUBGEK?YAB@g@AE?OEGAKBUCIGE@SCMBEEIAIB]AC?B@CGQNM?E@@DEACDG?KFKHiAFc@Bc@Fe@?_@FY@_@BMFMCWHAEWBC?WBMFs@CGFOEED?AABQBk@BGF_AAKDK@ABBBEKKEMH?COJgAACJk@?MBCAIDM?OD[A[BIAEBA@EAEFg@A@Bk@BG@YBGAIDGAGBEAUHOCCDWCOBG?UF[@[FY@]?@NeB?Q@MBC?_@FU?]BG@o@Fc@?K@ME[@c@CMBGAEBm@AMBQ@gACg@CO@KEq@@WEQ@]CK@WCWDUQaB?i@,raw/strava/15961811819.json
15963034740,8c83ae21-a810-466d-a5c5-95ef9a470c8a,strava,2025-09-28T12:08:26Z,5.5478000000000005,2578,2381,2.0,158.4,185.0,True,_nuqGyqpb@MBMJg@NI?IBCCI?MFo@HQFK@EDK?]JOJQDGFMBGDiB^QNc@LMHW?GEI?MFa@?IAy@EQFK@EDYH[P[BQHQ@_@VELTb@H^LPJFZZjAl@ZJJ@VAvAPDBZAx@Jd@Gb@BRGL@?JURa@p@WZI@GPQPMRQNG?MTKHKPIDKBIHKBCH@DXCl@?HDv@FXDNAXDZBRDPEXFh@@DJAHIDSBUNsBfBuAzA_@j@YTa@NCLT@`@IVAh@KREH@PG|@AjBQx@@|@LL?^Dz@Rd@F~@^f@Xz@j@NFFDFR^ZDJJBTPTXvAjAF@f@\ZLBJCBGBo@AUDY?q@CC@WAOB[Cs@@UCGB_@?OA]DECYAIDADf@Rx@p@x@b@PDHJZRFJhAr@HJNFh@d@ZNJJVPPDPL`@PVDHFNFH?JF?DEBGEI?w@XEAs@Hg@?[Fe@NGAs@LK?a@Jw@DEBO@KDc@FWGM@AHDBPDHJRJZb@VTv@l@RFBDEHGBSE}@Eu@@q@Ga@?ICSA_@KI?SRGPoApAk@^_Ad@]LQLqBb@a@Nu@DQD}@@I@HHH@DT^^JPB@Z^?HCLHJ@N\RANFALFBLNJ@NFBFFH@?HFNFFFNNR@HG`@GHUN?LN\FBLP^RPN@RD?PTFVAH@HZV\PPDJLXTVJZFFFARDGB@HP\VNDJNXJJ\NRGz@?tAGRBLA@@REb@BNALBBAj@CV?JGLG`@?j@In@@RE`@BRELAx@Gr@IVCBG~AGb@GL?PEZ@TCXCFI@CTI`BMjAAh@Gp@?NGbAEjAYnDF`@JJZj@n@fB@Jn@zBTr@Ld@HLf@j@b@v@TRFLTRNLXJhAX^R,raw/strava/15963034740.json
15978624323,8c83ae21-a810-466d-a5c5-95ef9a470c8a,strava,2025-09-29T18:28:47Z,37.121900000000004,7543,7091,791.0,134.7,171.0,True,q_wrGumfb@mGl^_AfDqCyF{@k@oSgAiFcE{B{@kJv@aCFgMn@oDzCcA|B}U`AkBmCiDwJ_AiAi@AuFmEw@uAsByH_@aH`@eEnAsDdCcDzAaAtWiHtMcAnAg@dCkDtG{R`Fy`@Qk[|@{Ol@_DnGoQhBkKLmDy@iI{@iCqCwCyCgA|@eA|AU\}@eBaDaWmu@Jy@tD}GjCsAx@JrBnBdC|FlAbA~AhGpDfJ^XPs@u@u@UyA?mFc@uGTa@rBjKzEtLZF@o@q@q@[_BmAySJcA~@eAGe@kBaB_AgFh@iC^E`@pBtFhJn@FB]gDyJd@}BGcCRsGZiA`DgDP_CpAoDJsAc@k@}EbEaATwFgG_FHiB_DaCsJAgA|@aFGcDbCiGCkD|@}ApBeBAiBnA_CDcAi@c@gCLiBsAoERq@_DqBwEu@{Kh@aApDoCVgGh@aDq@mDF_C|EGrCoCfAsC~CJT}BoAqKq@oCRiA|NeEzCWtKj@nAmDr@wH|@{ArAa@fHr@zE|ChEDZs@GeEd@kBbB{@dD]NgEcCcLcA_D}BgCk@qBAsBoBcEy@aD_EgCsIn@q@g@JmSiAcMVsIEqDWkAs@GuB~CwCrAyDhWsDxFw@IuBkBmDgJy@{Ff@kDhBSp@y@`DiANa@u@oAgCcA{DiFR]p@X`ASrBqBrH}NbBwJRqBIyB^iBeI`KqCt@wG_DkBaC{A}HXiFImBkFeKyA[yJv@cHe@mGtA_ApBk@fEHtAw@zA_@bETjBxBdE`@jBIjIoAzA{HVcEvEm@dA]lBXtL`@vAtEbIb@hDGnB}@r@qGVe@pA?`Cu@r@gFWuEXmAk@eCcGd@wNaCkHs@oEhAkDVeB_AmFb@}K}@_IAcF]}AyAgBaBYgAX}A`BwAn@oEUqBb@sA_Ai@qCu@OE`@dA~DjApBvE|@rBbBaCpAeE`@oBg@{BsBLrBnB~C@l@_Ba@eBaCaBdBoALeEpBqCLVt@bKv@nApB`Bj@Mr@eDrC?nAb@fBQf@uDh@yAdE{Bn@aAxBaA~GbA~J}@dEHfAfIpTjB`CbB^e@`DfBzFxBrEAjGZ`CrAzAbB?bAbBAdBsAzBSfDdA~EhBz@r@jA[vDNj@zAfABlGfD|Lj@rHjAnEnA|JnBxIz@z@nB_AtDMKx@mC~BoCjHWnBR`EvACfCbC`D`EpCbFdh@hsBhXtw@dF`KbGpUhKrZxFzL~@rQjAtF`Al^rAz@rKf`@rFxSHbE,raw/strava/15978624323.json
15990827122,8c83ae21-a810-466d-a5c5-95ef9a470c8a,strava,2025-09-30T20:54:24Z,6.527399999999999,2521,2518,226.0,153.6,182.0,True,swvrGaigb@J]Ae@Ik@TqAAk@c@}BIYc@cCU_BCm@?[Di@Ai@BMC}@BwFEe@s@iDq@yCMw@Ce@AoAC[AkCA_@GSEiBEe@@sBFg@AiAGoBEY?UOy@?MBCLVRrABCDUBg@BCFFD\`@nAJdARd@RdAZp@BRLb@FHL^?XB^HNDb@NT@ZDN@?BA?]Fg@Cm@@YAGFw@?YDQHMBBCl@B^f@tAFf@J^JfALPBPAw@FSFCBVTj@Nj@Cf@BTDBFQFK?]BQB@@FT\P\Hf@?f@C\I\@Ld@n@RPFLFZ?TD^DLLPPNTHF?HFf@~@NHLRJF`@f@VLVXT`@Pp@Rj@G_AS_ACQ@MBAZZf@~ARd@Lz@Hr@Rf@FEJc@\w@XMj@i@\Sj@UXQXYd@m@^YXKVCl@@^PZVRTN^Hl@VVPJHPDn@@`@Jh@\tAb@hAf@lBVj@|@lA`@z@^b@nApAZd@TP@BC@CHBNb@vALt@Ft@l@|Bh@hAT\Tf@`@n@JZD?FDRb@Z`@Rl@n@nAd@jBN\d@r@FTRbBFzAHRTTPFJ?REFIPo@JMZ?XNd@BNITCVIBD?HIXBGJCd@FRHLPF^Dt@?f@Cz@@Vb@rAFr@H\B^Cl@EHOLCLDhAJp@@^?VETIDg@Oy@Es@MYDk@?eAIuA[a@AIBmADIAUD[CaA@ODg@V]^EBKAaCw@_@Ii@?SJOBuAG[De@BmBCqAEg@E]@YCq@[{@IIGi@Gk@Wq@g@c@a@u@}Ai@m@}A}BiC_DIQM_@]qAMW]c@_@q@_@e@aA{@S[w@wBw@iCGUB}@CQa@wAk@qAc@kACMIMQc@]iAKMMAIJEP,raw/strava/15990827122.json
16008382879,8c83ae21-a810-466d-a5c5-95ef9a470c8a,strava,2025-10-02T12:23:32Z,,3867,3867,0.0,117.4,160.0,True,,raw/strava/16008382879.json
16012724495,8c83ae21-a810-466d-a5c5-95ef9a470c8a,strava,2025-10-02T19:50:22Z,4.0844000000000005,2205,2179,336.0,151.4,189.0,True,skvrG{}fb@LQ?INy@DEFAVR@DBDJBTRPHX^JH^NL?DDN@HBLVDA[y@IKQo@uAwCMe@Gi@GQO{@?]CUD_@?G@QBI@iAJ_@?SHWBm@HO@FK^G|@Id@AtAGp@@l@Hd@H`@RnAR\MK?ABBKUMo@C]Og@EWB]Cg@Jk@Eg@Bs@DIBUASDIBWJ[GRCh@E\GRC^Af@IhC@RDHNfALd@N\EE@MGa@]_BCQ@a@CMLcBC_@?KNk@@w@H[CBEPCv@M\C~AIp@BP?t@D\b@vBJLMQ?GLZB?MS?EI[CUOg@K[G_@DWAe@DQAMFm@?m@Js@D}@To@Sf@GhAMf@Gp@CfBDt@Lz@XnALXIKCIDFCG@CEAMa@Kq@Oo@@_@Aq@Fw@?YD_@AKHc@@e@Lq@@SDKMZEPAx@Kb@CTAjAEbA@h@Hn@`@lBFLECCIBC@@AE?DA?AABA@B?EC?EMIY@IUq@Km@?w@LuBAYNk@@]LaAL]Q^E^E|@KZCRAr@IfAHrAb@zBJ^OU?AD?Tj@Zf@BXFVTd@j@z@J\@LCBGKSMo@IUIOIe@e@_@U_@c@KDS`AML,raw/strava/16012724495.json
16013586495,8c83ae21-a810-466d-a5c5-95ef9a470c8a,strava,2025-10-02T21:16:35Z,4.7942,3295,2204,11.0,113.1,139.0,True,kawrGiffb@i@lD{A|HU`B[bBoAnGQ|Ae@rCw@rEc@pBmAxHu@xDs@lEsApGMhAiAlGCZUbBKZ_@`Bi@fCeAvGe@`DsAvG{@zFkCbOw@pDcBxKe@lBORKf@KbA{@fEIx@ONmB`AqA`A_@b@sAvBi@dAK\E^@^RzJH`CCRs@f@kAbAkBnAi@X{AhAKNuEdDQHO^cAfFOd@M`@_AnAa@lASd@Op@Db@r@r@`@NDAND,raw/strava/16013586495.json
16013804965,8c83ae21-a810-466d-a5c5-95ef9a470c8a,strava,2025-10-02T22:27:27Z,4.269399999999999,1027,938,12.0,112.6,150.0,True,sqyrG_`_b@Lk@HOz@w@vB{AdAi@hBuAd@Y~AoAp@c@jA}@FKBm@YmKCaB@a@XoANi@XSp@}@rBoBr@a@zAm@P]NqAZgBv@cBEcA@YhAgHXmA\gCfBkJlAiHzB_Mt@qEb@wBxAuIr@sD|BaNViBt@_EFOfBeKJ_@h@oDrAoHbAcFx@sFH]tAeIfBgJDMdBiK,raw/strava/16013804965.json
16026353914,8c83ae21-a810-466d-a5c5-95ef9a470c8a,strava,2025-10-04T07:10:13Z,6.5625,1160,1026,35.0,140.9,164.0,True,wewrG_~db@pErWhB|JbCbOXtADZITAZ\xB~BtMj@jCf@rCrAhI`@jA^xAVhBv@lE~@fGFtAPnB^vAn@rDb@rBt@zEdA~FR~ALzAx@pHLp@d@jATr@FbABbB@bHCPGHIFWAUHGXB~HDxADp@CLMNMHCHCfCEx@SlBw@rF_AfFq@lCqBbHg@v@o@dBmAlCoBrDgCzDyBjCeB|BcBxA{AjAgBjAQLOGOCOFw@j@KLc@XOTEVIJEBY?IJCJ?p@F|EAPBbBNvDBNXpE?fCC|@F`JJxE@|KBdDD`ABpFCp@@`CAt@C\?bA?LL`@@JAv@@~CFbAO~ZKrDGl@ERBCC?APCdJ,raw/strava/16026353914.json
16043688740,8c83ae21-a810-466d-a5c5-95ef9a470c8a,strava,2025-10-04T08:15:58Z,35.2072,32280,28210,1946.0,138.1,173.0,True,ynurGsdka@l@}IdGzCnIx@xRhF`I|GbEHfDgAxHn@`@_BnAYLkBn@y@i@uB_EyAa@cAtA[l@eCe@cL`CfEdAiBh@AxBtD~AXjA~BvBhAfPbAjHlBzGqAdFDrIuDvDyDzAEa@kAdB{@yMcGg@_A\oCuA_ELcA|DbC~BPUq@VJ^nA`Cz@dK|A~K|GnIjCnDtCd@tAjJvGdCnCtCvFpG`FvBfTzE`BvK{B~JhIfIdK|CYdBnB~EgAjHnC|Do@dGuBfEl@rNa@QMfAiCtEkClFzAzCBJcAbBbCfCObFfBhDhE~DyAtCvCzMpEjJ?zCtA[zAZdAzDhDdB`ApShFhHeCrDQbEd@fA|AnBc@rAuAtCWpA|B`HhAtFsDNgCb@_@|Aa@~Ex@h@{@uAeB~@fAfCTl@nD`CrBrC|JhFtB|@lAApAo@XnAdAnDYL|@tDb@f@pAbCT?t@DaAn@EfB`BRU}Bo@vExFbCd@`H]`DrBvEXlFrEfNJxBiAjDhBbEb@jFdDf@`ApBx@bA@Bm@^dA`Bz@j@QGm@pAjAEq@pAlAJfAb@BxBxDRdAxCdANvBpHnFMXnClBfAjBnEh@bG|CuAyB~Ar@_AwAd@H~CjBkA{BSqB|BnBbBBzBv@lG`E`HlCzBAlGjIm@FtBrDtCrDxABMXt@n@[T~@NOXXf@^PqBbAQlACbAVjKlAbIPxGiA~Al@xCqBxHq@tH|GuD|@`BnAf@H`A}A|EdK@vAb@nC{CbC`L~@a@hApB`GxBlGeArBZBhDoC|EaBbMgDzA{BnEsAx@_@`CaDzCEdAx@bBs@v@RvHeAbFyBrD~@h@lDUbIqGvB`Hb@tGx@bCO|B^dAeBJr@z@bFdAoEpBnD`ClBjCkAzF_AlAq@pEoAv@Xn@YtBr@x@rAGhArAvBfLjAIrAlGo@pFm@jA|GjOSrCl@bCeE|FiBjEeEp@Mx@v@dEdDrAFdHxCvQ`BjBDtF|@`GvFdEjPzPrClFvH~AjDjCdAfCl@nEh@~QrBfCGpEO{Bt@p@|@oCtAGgC^w@bCp@Ev@uCjCjCdFtBxCtFlDeAtBJrEfPlFvF{@fChDvDlEpJ|J`BnF|B`ArCvA`AzFPbC`CvEtA`CfD`HpCR~AhBf@|J|JtELnGdDdE{@hFgFjAp@nAa@fB{BhBm@nFpBrA|BpChA~CcAhFtBt@hFdFbD|Bd@fG}ApEzDpIeB|@xAbG~BfCc@jA`AvAnDlEfDnHpC~By@hEtA~As@zCNfDcDzCoF,raw/strava/16043688740.json
16043688538,8c83ae21-a810-466d-a5c5-95ef9a470c8a,strava,2025-10-05T07:17:40Z,25.0307,24145,18442,965.0,118.9,166.0,True,{qpqG}qr`@xBIvEjAtBbFzCnBbFhI~CpAbCtClAZdAUfAh@dDlFzCvGv@bEr@n@HtDx@rCIv@v@vEWlAbApIAzBkAnB_@~FV`Cj@bBA~@j@z@BdFr@~EOxAdAjB]pDt@jBOlAd@vGKZVfACfD`@PtCg@vAf@dAErEzBzECxA^lEi@lBJbJnKd@tAzArBhAdAlBdA`BZx@bBrBz@hAhA|DKnBY|Bk@~AiAr@JvAg@r@`@`BaBhCgBfABvBfBrCLbECxEiBjAN`Ax@fBvDtAXbBbB~BBzDmEvAo@z@b@vCyBdB_B`AmAF}@nAaDbB^zAyCxC}@x@}AJsDjB}G\mFUcCt@iAtAgGvAoCn@oCbAuAXwCh@SvBqHtA{AFoAdBcE|A_Kh@[RgBjAaDxAuG|BgGnAmG`CqFr@yDd@YtARtAtAX`Ax@|ApBlA`A_@zBTpCv@bCnE`@~ApAZZpA~@ZhBbCx@\tAbCdB~AbALfBs@dCn@|As@`Fh@lAkAb@OHoA\ITm@z@ATeCf@kCKoCl@kALuAh@M^q@RuBd@_@r@qD~@{@~FUnNpBvAlCpAh@zA|A\w@^PnAlCn@h@Jg@f@ZVfArBs@ZoEv@iAHq@rAc@v@fAvARt@oAdC}AnAFlBoAzAHJ]t@j@xB]UQLPdAgABiElAaC`@sBtBwDf@wBjE{F`BmAr@BtBcBbBaEbAuAh@uBRGb@L^pCjAnBfAv@~ARrC|FdAhAdCtB`DvAbArCvAp@xDKfGgC|BG~AsApBTn@lAfC~ArFiBr@o@`ACdAL~BzApB@pEpAnAiBVkAhAuAxA}DpDyHbBiBrBp@hEhDhDdGjAoBfHd@pByEx@eAl@_CnCKbA}EbBo@bD@b@v@dA@|BhAjIfG|CLhBvA|@dCpA\~@A~@}@dA?hBwB`DJRj@r@i@rBrBvFg@`A^~@bCtBdBfAfCnAxApAr@tAArEbEhBzC`CvAr@|BNrB~BxEHv@KzA~@MTg@KkAeAlBNhFb@~@BbApAh@bDfBfBzGlKhF`Bc@_@J`DsB`BHbBy@fC[P_@fDChEnBbCnNZLGMVQfAl@tBnDFzBjAr@lAbCH`Fk@~@tDdEh@pAvDvC`FNbA~AhAZhDaCnBz@|IlHf@OtDOp@\`BQxItEfBL`C|AnIVzKpGdIn@hGhB|FaAxAFfBoAhAnA`D`@pAdAhA]x@oB~C}RnAkAd@qBtAy@rBAjBs@vAZr@nAj@pF,raw/strava/16043688538.json
16043688171,8c83ae21-a810-466d-a5c5-95ef9a470c8a,strava,2025-10-05T14:33:32Z,15.2895,8312,7974,81.0,130.9,165.0,True,wtqpGi{m`@Z?`@p@TN@T`@f@Cf@j@~@JItBbAp@FLRp@EnAYp@ZXd@f@~Ay@ASxAB\f@fACf@NL?`@NJBv@Pz@ENRhA?l@b@jA@lAHx@LT@ZHKCFb@V`B`CRt@NLJh@r@|@dAzBJbA^|AbBjEXdAPlCb@lAIXXEd@Pn@z@hAr@Xl@Jh@lAvBjBtGjBrBZv@rAlBrAfA\zA^n@nCdCdF~B^`@p@xBx@|Ah@j@j@zADj@EjBNpEQnBRzAfAjAGF\Kr@_AVBb@hB`@hAFd@EHLAgAiEW_@WFi@v@SJ}AoBGE?TK@KlBRj@r@p@GDGdAKRe@VE^[n@@dBg@h@IXXbCEvA]jB?`@UxABJQZKj@MrBFxAq@rBa@vCWh@O`A@\V`A?jAgAxAKdAFv@MhAo@`CATTz@OvAPt@?jAOr@{AvDUjAWlCgAdAHn@Xj@Np@\l@?r@a@bAIl@HzB`@hBFbEz@fD\`D\r@v@nE?vCJPhA`@HTCzAm@|BK`A@~AZfB?lD[hFFj@Vt@dAbFh@|DrAxDhAfBtAhDp@bEf@~@Nj@J~Ap@v@d@bAd@`Bj@~C`@p@`Ax@n@VfAnA\f@d@vAhAfBf@lAtAlB~A~D|@zCfCnG`ArBnC`DvAbAtAPtAZvAJbCzAhAfAnBx@rAzAnAbA^x@`@d@dEjCzAvBfEhBdD`DzATRP~@jBn@h@rCr@`BbC`B~Ap@vBPPAHh@Ut@kA`@CdCpCtChBx@ZpAN`AUh@c@h@y@vA_Ep@_@|@G[Ir@^vAIt@HdCOvBq@tBeB`Bs@t@iAf@a@h@kAtBu@hA{@n@eA~BYfD@~C`@zAGn@PjClC|GpDhAdApF`C|EtD`AnAfBfFjCrE~AlFbA|Bv@lAp@l@nAZTRLTNr@f@f@GNBFIEO`@FZRf@nAf@nAlBlA`AtCfAnAjBZfAB|@XrAFz@v@fDv@fAzAr@j@n@dAfE|AtCv@xCN~@BvA[lA@Vj@Rp@KNTbAfDh@fCb@tD~BbDrA`Hb@h@r@b@rFdBp@rAp@jB|@zAPx@TVjAj@lCZnA`At@fAl@xAl@~@fBnBfA`B|@jBlDnDj@tApBfDr@`BzB~DzApAVp@rBrCTt@|@p@jBx@,raw/strava/16043688171.json
16045637766,8c83ae21-a810-466d-a5c5-95ef9a470c8a,strava,2025-10-05T20:59:58Z,6.8038,1330,1330,24.0,122.8,137.0,True,sfwrGgpwa@DwBJu@DsBIkAAJDLIDYEOGCKRmIHeWGaA?gDGmACGEa@@gADe@?iAC{C?wEIyH@aBAuJCyAEo@EoGKeEGsAAgA?}@R@ZHXAHWCo@WiAOcGMwCGwC?m@IcAI{CAw@GiBGk@@e@IoA{@{Ia@}Bi@}DqAyG]qBMeDFaE?}DCy@@}AIeEAqB@mBCiB@cAC[UiAe@yAcDmLcBmF_D{KkEcIw@{AcA}Ay@yA[e@Me@LaAbBoJXmAb@aDjAuFx@kFvAoHL}ARi@RcAR}AVgA^sBh@eDdC_NfB}JZ_CjBcKd@uCd@aCdB{J|AeIbA{FxA_JTgA^{BnBoK,raw/strava/16045637766.json
